param,method,MAE,RMSE,Mean_Bias,Median_Bias
R0,abc,0.27529504383286024,2.8438203899886174,0.07840504315617071,-0.006462517205541585
R0,lstm,0.06435579649587156,0.08485273639393436,0.016310446696774686,0.012216149538281984
crate,abc,4.24160216536371,5.931626220717439,4.0746025687264575,3.2412190519101447
crate,lstm,1.020110930065532,1.2256217126242452,-0.500341535265426,-0.44480690364327513
ptran,abc,0.12787976855551392,0.18669591259635004,-0.12073233688108419,-0.08213896642601651
ptran,lstm,0.07173211200721322,0.09821336580764116,0.0014605364460472166,0.023805712711797995
