param,method,MAE,RMSE,Mean_Bias,Median_Bias
R0,abc,0.5230576023460861,6.2698038909771086,0.2688943506580388,-0.003408179333542982
R0,lstm,0.3486309810595898,0.44454843011997935,-0.17389069649895347,-0.1326337382546623
crate,abc,4.184568076559135,5.694780168918964,4.023328942172874,3.3703445257821842
crate,lstm,1.343627941895212,1.66475777671883,0.5620969683592532,0.5346148826038049
ptran,abc,0.12535986780062422,0.18030065496713849,-0.11636799369842366,-0.08004025056670876
ptran,lstm,0.08950060950465522,0.13900824436320106,-0.024223432838369443,-0.022264846646380135
